id,latitude,longitude
0,55.85189619857493,-4.132843272187337
1,55.912868312497594,-4.344525693117795
2,55.78639025438529,-4.0949800260091145
3,55.81339843670053,-4.143673065280324
4,55.907117751208396,-4.1248291816994795
5,55.82743382527695,-4.109118989526224
6,55.877458702207264,-4.224182766352972
7,55.9107403921046,-4.248104439540488
8,55.868618376911016,-4.354433944257126
9,55.92008587800929,-4.295548551820483
10,55.82012750251133,-4.318948011818519
11,55.85578757197629,-4.164350770842106
12,55.86706867426746,-4.3780783817114814
13,55.81057845567214,-4.116557245872581
14,55.839972452542725,-4.207438772561645
15,55.91630757001788,-4.108607432427394
16,55.82818589612395,-4.325278802853189
17,55.899586893789106,-4.354103506340975
18,55.785246276959114,-4.267078790632858
19,55.84345328676128,-4.195898135398915
20,55.90792927712042,-4.130873720131227
21,55.85431247701541,-4.384141745583025
22,55.804705123124336,-4.2518502696708325
23,55.88253399403721,-4.206714769657423
24,55.83401717547765,-4.349852341140121
25,55.84677161768355,-4.086688504998345
26,55.8117028741469,-4.210400002440804
27,55.88681650969738,-4.107704465875555
28,55.88376458261842,-4.093726948789681
29,55.88803697490363,-4.123744267775554
30,55.86374941569974,-4.247928669916512
31,55.88029642401186,-4.156125153643305
32,55.89560775746637,-4.136355430559413
33,55.879346983808375,-4.260065213791721
34,55.8091182047482,-4.3671188805955765
35,55.861706492993314,-4.1033349964614665
36,55.87053680163088,-4.148680000506693
37,55.807091370378586,-4.096506931601099
38,55.84102470902579,-4.112256006428693
39,55.85975775387884,-4.127852757287836
40,55.807885772891154,-4.366099414536405
41,55.823640379366836,-4.304256435859074
42,55.899976761489455,-4.3123621579072795
43,55.901816118687805,-4.319439509317814
44,55.786793778758444,-4.343712557213575
45,55.87182320198518,-4.279381918179243
46,55.86510630620435,-4.145444185895703
47,55.881307363609054,-4.250014335624131
48,55.81834799144513,-4.275883599035521
49,55.901464189813446,-4.22157506604706
50,55.81065656502988,-4.161823773893909
51,55.79163660420838,-4.307671097366102
52,55.82263105585452,-4.182768424802409
53,55.84677534189433,-4.32722882543112
54,55.80075333195506,-4.299799922365107
55,55.83665579724628,-4.388788738670415
56,55.81744777510275,-4.2071537011135955
57,55.88575706471329,-4.3015991879013775
58,55.85213739678414,-4.128210865423956
59,55.8783422152723,-4.325998427511515
60,55.882911515587,-4.38550509850988
61,55.837475212940085,-4.353880798276776
62,55.804528266022714,-4.079369709038318
63,55.86401288249554,-4.334998862147177
64,55.905001734967556,-4.3407621140171955
65,55.87864588230889,-4.234529143639696
66,55.78920222218405,-4.355886264038161
67,55.884008493458595,-4.363012443309881
68,55.802668835614504,-4.138973273137281
69,55.83647446362009,-4.109093321852204
70,55.83859255181182,-4.209883869631748
71,55.82906172681012,-4.375451006547848
72,55.84501480530633,-4.078054295380862
73,55.89974458413639,-4.151456988403517
74,55.8849584755457,-4.075849548903246
75,55.9177572131012,-4.241985949650919
76,55.796838739299346,-4.209517887279651
77,55.860369499796676,-4.350947423128242
78,55.86869503257873,-4.3914666769348
79,55.926774814326166,-4.338945640530484
80,55.783931133761094,-4.115301000630784
81,55.791261996333176,-4.258240110939205
82,55.7825582257485,-4.301391498583771
83,55.82679682581213,-4.203022913868835
84,55.873521198118496,-4.309710639085825
85,55.927677245191056,-4.297787966359194
86,55.88242539533387,-4.123653467857099
87,55.915990498203016,-4.219126061695563
88,55.7932927133057,-4.333966054444984
89,55.842557573976215,-4.352333933028948
90,55.88759901009333,-4.242766746323924
91,55.816952743096905,-4.295122354131908
92,55.851502035613045,-4.132085263818125
93,55.82980563719589,-4.323567165120401
94,55.82284185250828,-4.152024910354954
95,55.88850035157901,-4.084152477414972
96,55.87997717687266,-4.229133165561072
97,55.78211697577237,-4.118740771853942
98,55.80632697552287,-4.338501382863844
99,55.826235251105906,-4.108082122211418
100,55.81545380522745,-4.3692814593330915
101,55.87220879461371,-4.13869734754065
102,55.91223635874338,-4.134566920111975
103,55.9116816365806,-4.341595784594547
104,55.784142927578465,-4.2718836962424485
105,55.90875140920698,-4.161033596798784
106,55.8744940516071,-4.363819580348257
107,55.80047855929605,-4.272880091217783
108,55.92284039259849,-4.275649579469181
109,55.90111288119342,-4.339313726195153
110,55.86590581849364,-4.0850278603531045
111,55.85576230040013,-4.325115993172
112,55.8730347714278,-4.314265685641228
113,55.782810635091586,-4.270367987814367
114,55.80117151582289,-4.320426349821005
115,55.84621969656564,-4.22376587462158
116,55.82943418513131,-4.212616063199007
117,55.8988298616246,-4.386301786484469
118,55.81146520020299,-4.215786447798476
119,55.78401675442737,-4.231922831406603
120,55.855742450429496,-4.383304725640783
121,55.87813898981884,-4.109286941610059
122,55.84369724506502,-4.1777383989622585
123,55.80149306968439,-4.135025095209694
124,55.82246835283927,-4.322565436237575
125,55.8962254019477,-4.3462665209884275
126,55.92286336243085,-4.253025881851569
127,55.85429666639165,-4.115325856756676
128,55.861570172445695,-4.257275078277272
129,55.7928906432169,-4.1852482937242135
130,55.84475334503641,-4.279656724611351
131,55.923224385037855,-4.143877704085763
132,55.849827769161315,-4.2794882614277405
133,55.78263009887416,-4.313989089229121
134,55.79956857227443,-4.0826688421662904
135,55.81931990780179,-4.305677461938675
136,55.78605679016772,-4.113677986977751
137,55.85248662749278,-4.201019659519019
138,55.85425910654475,-4.24434800978961
139,55.826140464212024,-4.103338952084782
140,55.82283486399252,-4.342022997276271
141,55.834999619894866,-4.097762614919696
142,55.90039976964152,-4.158148288154721
143,55.81344850213779,-4.289268615727948
144,55.91957119327967,-4.2549376388581965
145,55.84027725070832,-4.318437956528818
146,55.86154955909088,-4.094356820870327
147,55.90115988551312,-4.335967693294068
148,55.833111360390824,-4.2539036985866145
149,55.852479431266076,-4.07302533681415
150,55.884359607222265,-4.276074658904071
151,55.80983167562988,-4.39014409791912
152,55.85628216526687,-4.32499986157972
153,55.91734489829258,-4.204502849697108
154,55.799259504748775,-4.211583088076911
155,55.83084203236776,-4.072679828929445
156,55.79456137920387,-4.229812091001974
157,55.80069237725046,-4.295322656173703
158,55.84023854072683,-4.200256689168574
159,55.80816247594803,-4.156953571473067
160,55.90902266024855,-4.308472980602831
161,55.87180576957573,-4.229541878787759
162,55.81068978884827,-4.1454049181364185
163,55.83572981410932,-4.078511096974945
164,55.902629070188304,-4.297759259631589
165,55.86708969549367,-4.114838295354572
166,55.884794375936025,-4.246208759347156
167,55.92125295964437,-4.246162397824483
168,55.83760243231273,-4.235713875022591
169,55.884707211777766,-4.3359152247323465
170,55.79227382348432,-4.261076103389648
171,55.88676848056196,-4.3854854565470625
172,55.841640337719554,-4.344067723870468
173,55.82249315788541,-4.223805777957686
174,55.87388990055574,-4.225216527238822
175,55.85660235112325,-4.20358837769565
176,55.90132450419848,-4.250862628465117
177,55.89185375376569,-4.208936379137536
178,55.91375994723898,-4.125269564575412
179,55.848957324999446,-4.282916559114299
180,55.796548630666784,-4.130361189171348
181,55.85376237694877,-4.250138940124199
182,55.89371020353167,-4.23281150442805
183,55.81230343688031,-4.316544797238865
184,55.876972818997615,-4.3681526239867186
185,55.82339957785607,-4.159029032125826
186,55.84926222243841,-4.157615626090799
187,55.808620350877085,-4.0966380596780825
188,55.7926020290353,-4.256561940019637
189,55.9093765682233,-4.3826141921230874
190,55.84390191969807,-4.361237499760853
191,55.822935894980986,-4.156232539539455
192,55.89352640318492,-4.213834424439619
193,55.84751621459077,-4.346915991763102
194,55.812436175328294,-4.311945084269596
195,55.90280906196829,-4.207058453941676
196,55.78163198517375,-4.0815150613317295
197,55.79887145971834,-4.271487021944862
198,55.82370437220917,-4.226917444620302
199,55.792529195025175,-4.093151767928011
200,55.898125795331204,-4.140196014999826
201,55.82043318926732,-4.179668252383038
202,55.81512640478672,-4.234650175812689
203,55.85473378868103,-4.380503218851183
204,55.92511608992565,-4.3764133393127365
205,55.855616363557985,-4.163652977607467
206,55.896698660478364,-4.150014279900375
207,55.83343804305911,-4.121787436585301
208,55.87598584172073,-4.096054689906895
209,55.92468171821484,-4.213651211465647
210,55.83178484550387,-4.150761596907417
211,55.912401340624974,-4.2988462078143534
212,55.916942156894464,-4.129819165792971
213,55.82391908745925,-4.257590023005825
214,55.89568930724169,-4.2735579967467245
215,55.849045829880374,-4.287790239875804
216,55.89488320782922,-4.338971258411183
217,55.86147600729346,-4.217570907016513
218,55.86285242909735,-4.322522000654953
219,55.88756957045779,-4.27620821450898
220,55.795805347421826,-4.10996178736106
221,55.81484763036212,-4.210826478558978
222,55.83707085174645,-4.179447640504228
223,55.80555670019531,-4.217964653396809
224,55.834318941092086,-4.3164099177673245
225,55.87715685576093,-4.392628774763103
226,55.882341487429166,-4.216587528360163
227,55.78770532165004,-4.209562301688859
228,55.902261330248294,-4.284636258000851
229,55.90109386869973,-4.172061642453316
230,55.864809166872234,-4.225521857415222
231,55.853580583950546,-4.388786023991383
232,55.903372616438126,-4.279219244834957
233,55.82186108780951,-4.379704126939469
234,55.80528050893444,-4.34363589997042
235,55.90476945028099,-4.386228883046047
236,55.86322715766255,-4.222829580773981
237,55.90209625085348,-4.141368036852237
238,55.92591749793831,-4.258152593443923
239,55.852152835048855,-4.357255947039512
240,55.87257214430338,-4.094545656992519
241,55.80005883777358,-4.15311454518085
242,55.816353500798996,-4.088412792074378
243,55.84745615370906,-4.3047633530873926
244,55.807906692224655,-4.378961255115441
245,55.86536002250876,-4.081190165520625
246,55.90640398018486,-4.099729767812879
247,55.90498001191953,-4.2440905874305725
248,55.81995255290835,-4.094631861838843
249,55.83407370029962,-4.104911912143316
250,55.86087051984063,-4.305384870378415
251,55.8318822750878,-4.219130435114958
252,55.89970280398496,-4.072270383436308
253,55.86024810942857,-4.32137414057184
254,55.823278428876556,-4.098483444907498
255,55.83379000578223,-4.082734261286377
256,55.894686832714925,-4.157470754436217
257,55.84458831748213,-4.206542492335601
258,55.87253851883779,-4.308038362185936
259,55.81362022731622,-4.300005194679061
260,55.91941386022451,-4.1265514010768785
261,55.87503687777541,-4.207013053710506
262,55.82232817127591,-4.289550185833208
263,55.90055170413149,-4.079362306384778
264,55.788532846526145,-4.184754633544622
265,55.84130752888382,-4.369768473297821
266,55.9093311883517,-4.220882209259233
267,55.81887961028851,-4.369747740921154
268,55.79140491398088,-4.197541556882248
269,55.8695896085885,-4.240691044760348
270,55.82743952357018,-4.075225366978154
271,55.85339337752174,-4.159452242659467
272,55.886497496726,-4.222571591408077
273,55.84499907005247,-4.324293244446816
274,55.88135241936549,-4.366523223350771
275,55.86817196352848,-4.171851196847857
276,55.928092294389245,-4.274557298235767
277,55.81838706848059,-4.198734041539171
278,55.84775980221428,-4.314167773110139
279,55.831164310856586,-4.341658862472994
280,55.92397685134709,-4.351687328389371
281,55.81760125315905,-4.301763782350246
282,55.85686349699273,-4.196715755716501
283,55.87632000806083,-4.355659660685358
284,55.87820328731827,-4.107236269542924
285,55.86792277106632,-4.2774420918919205
286,55.90630582282827,-4.16507929561703
287,55.87027636161252,-4.258321516458512
288,55.90201296061352,-4.302309887129956
289,55.92752450044085,-4.073857796673379
290,55.80490496069929,-4.135394316289226
291,55.826182858916944,-4.358257946429456
292,55.82017758349286,-4.166542755647815
293,55.83533062740227,-4.254644634307961
294,55.785418433832696,-4.25613853075796
295,55.89395252814394,-4.390174935631802
296,55.78273534963301,-4.133436992700142
297,55.83914379494028,-4.122758412226527
298,55.92555216936973,-4.1266069403300305
299,55.8554427654877,-4.322754006752961
300,55.81586257591557,-4.198580555005359
301,55.91984206221245,-4.262124701234563
302,55.81464350890118,-4.215819566521196
303,55.84012287458467,-4.117490484818279
304,55.835299671601476,-4.3149064456246755
305,55.79655400442143,-4.198536052126207
306,55.90042376189098,-4.211702114165586
307,55.89009350722101,-4.371778346478942
308,55.888200337138876,-4.2784348998902795
309,55.9120834638227,-4.319888918832603
310,55.81193550719207,-4.287002972470275
311,55.8024728203606,-4.129735003442467
312,55.86313168794664,-4.133496672104792
313,55.796056370121654,-4.1800101321355045
314,55.919917202332236,-4.376295852744934
315,55.88179842313297,-4.244104089982469
316,55.837842532129336,-4.28983196992044
317,55.916075794544525,-4.180859470358975
318,55.863958178813476,-4.221355321177776
319,55.884000210920505,-4.234088024151394
320,55.85636339407605,-4.089913283898955
321,55.78272197934347,-4.27076784867986
322,55.80293386335087,-4.318675466586914
323,55.89700984011457,-4.36720594824047
324,55.926866149751994,-4.2322328505136095
325,55.821684100546285,-4.252529008099343
326,55.85462369971322,-4.104403110082766
327,55.7860553050035,-4.160178424779047
328,55.80784428509371,-4.1709299152345
329,55.844237751892,-4.156433976153014
330,55.79105374881387,-4.21013166521469
331,55.83200837234916,-4.263598926409804
332,55.87313469996686,-4.193839392481719
333,55.82283347867187,-4.174802724081536
334,55.87288623455721,-4.088587771960672
335,55.79194487755706,-4.197536287479002
336,55.789988783409214,-4.179607842510709
337,55.87941118596947,-4.339200123849358
338,55.895670206174316,-4.268325781793439
339,55.79391652287588,-4.262671437766503
340,55.87790505799371,-4.1746580222941825
341,55.92093062111034,-4.239629156219084
342,55.879041738821904,-4.298286562886986
343,55.882949224061754,-4.265185046118511
344,55.79229927351113,-4.2107534159556295
345,55.84481243760275,-4.37273922818396
346,55.82635775766058,-4.299367298218365
347,55.842810977998205,-4.075475368936651
348,55.907282186880764,-4.29745970570666
349,55.89477758338669,-4.207425873700769
350,55.79641326100831,-4.3130110505970025
351,55.87715906694752,-4.218535611409101
352,55.81479627959142,-4.133138587562913
353,55.87321021135978,-4.166141531025869
354,55.842107982427656,-4.228643674151736
355,55.84569030523573,-4.143248457170021
356,55.804613881448695,-4.250181089251162
357,55.89573286510192,-4.106082613830695
358,55.91626335603512,-4.323729236783003
359,55.82587664704274,-4.342304033985099
360,55.86182191008891,-4.078560396310584
361,55.88501037350997,-4.110222368530344
362,55.818378049068436,-4.167683878770152
363,55.912526948872475,-4.149702521692625
364,55.85658115709065,-4.252124352425425
365,55.905682298359906,-4.218248159680323
366,55.8716299017507,-4.391616487370843
367,55.885946841473235,-4.237391786172239
368,55.857124089279175,-4.3273779436351365
369,55.87741252532225,-4.157873389021057
370,55.82055894085127,-4.35900587958822
371,55.82956267195513,-4.272492391479616
372,55.80633792162152,-4.309692306139491
373,55.89542718598758,-4.264224748708321
374,55.89263005982489,-4.131574658007453
375,55.91618998506046,-4.083307618003397
376,55.845126290731706,-4.287695458605763
377,55.89592232980083,-4.112934167636026
378,55.826021889594415,-4.118178531861616
379,55.7887250254074,-4.383868036159205
380,55.899730012527684,-4.193602273415752
381,55.91442854622959,-4.212040747736484
382,55.835598551983026,-4.112076674952443
383,55.83253614377929,-4.296507900941928
384,55.92891059297606,-4.308247229144615
385,55.80291819543975,-4.101731835616122
386,55.92673622045284,-4.311599489408413
387,55.81568910573036,-4.214741312592163
388,55.91636946599323,-4.273542238914307
389,55.867060187971056,-4.344369191336642
390,55.923362352840336,-4.318047587067606
391,55.85976147563577,-4.124884824376653
392,55.87888624246743,-4.15591595465204
393,55.83484048746227,-4.271866613145412
394,55.82127743524842,-4.359648381982037
395,55.79410615085037,-4.187424878248915
396,55.881239265781815,-4.356215681624557
397,55.914378105301196,-4.105629822728343
398,55.88180284538035,-4.18264741637876
399,55.84256608943731,-4.100538925777536
400,55.928118524941404,-4.245295272521345
401,55.803815606714174,-4.211788357203545
402,55.82739299307334,-4.247601597299141
403,55.861900452794615,-4.258078234686959
404,55.8046013786557,-4.095802172694679
405,55.880302673019955,-4.120915438682018
406,55.88405886733723,-4.26898643536488
407,55.78618923653391,-4.1852733806149605
408,55.80837253843114,-4.228778204612812
409,55.81061597125359,-4.082531364695445
410,55.79557323314533,-4.276805376252646
411,55.786696791845344,-4.1489089126692145
412,55.84041914472987,-4.083611581000459
413,55.82289567090742,-4.257158456961751
414,55.8145622982482,-4.328017610044861
415,55.827538697797806,-4.374130116101405
416,55.88008321324003,-4.124757796158791
417,55.853419702420574,-4.344048831689043
418,55.880327026963535,-4.315531579748026
419,55.849787337344445,-4.265364378878815
420,55.87152110289294,-4.082791647212612
421,55.81629938934312,-4.237338581246776
422,55.91656064570083,-4.089154227340574
423,55.84513532402458,-4.217295523100271
424,55.87094815904442,-4.243443426758255
425,55.854512894764305,-4.0724004008946135
426,55.89524229818738,-4.189785465229723
427,55.8974777543317,-4.236265058683013
428,55.872956823414434,-4.384881346510624
429,55.88232813017215,-4.220960495923604
430,55.84692229118887,-4.103933981106877
431,55.81215828081112,-4.101368259788986
432,55.81000838493802,-4.196234844024248
433,55.86950804222891,-4.191866382893549
434,55.88171399093611,-4.2080271072993725
435,55.836649598969736,-4.126174926701469
436,55.869539960430835,-4.141979448958776
437,55.83064583989422,-4.129663566985451
438,55.890583855409226,-4.388113671231129
439,55.86731364153289,-4.384812738585552
440,55.79965251691474,-4.142222042598949
441,55.8898229140094,-4.134793026198235
442,55.8874712155692,-4.164324342036474
443,55.782875672077914,-4.366905135460511
444,55.79631652275372,-4.353009418680153
445,55.907202911717484,-4.325113275612349
446,55.886907174863126,-4.26515588249069
447,55.92646667657882,-4.367278728112215
448,55.925280696480534,-4.196746216855257
449,55.82668878950068,-4.281263367578892
450,55.86739994599725,-4.151985533955983
451,55.884228916070974,-4.328573194789336
452,55.8366179875009,-4.122043602219802
453,55.80477671188436,-4.104458699576056
454,55.854593922475345,-4.385532414371787
455,55.79563112288376,-4.310168894001885
456,55.92499279852334,-4.160468507994972
457,55.818508854554125,-4.32399277493554
458,55.88237256432708,-4.257769776120711
459,55.927482329286086,-4.352922453827094
460,55.84989515742485,-4.34431734655189
461,55.88539613718591,-4.23467894356029
462,55.80452064511822,-4.087223257947846
463,55.88785911051214,-4.242716432392085
464,55.894954452441134,-4.209944096366718
465,55.79860066135564,-4.372681622145251
466,55.909831583786065,-4.1717487286976285
467,55.790221039006994,-4.373776437810814
468,55.86575527405097,-4.191560218993451
469,55.81558033619041,-4.351033801271844
470,55.90133539785756,-4.2263448967853225
471,55.833647834137466,-4.337757794115259
472,55.89338329094014,-4.325148058357035
473,55.82371031582406,-4.206345874221456
474,55.876985280470066,-4.304773434070893
475,55.857407467912516,-4.267529268328671
476,55.86503478075449,-4.348586242847994
477,55.86870904324212,-4.100275835829179
478,55.88737991007227,-4.3446817923531
479,55.787250526320356,-4.184466584576192
480,55.78654040794983,-4.382839975954743
481,55.793651476552235,-4.22735849212761
482,55.86492924651051,-4.126793300035548
483,55.92464352392473,-4.078145209730037
484,55.788354270647886,-4.2685012660751545
485,55.82287061862668,-4.212259905990224
486,55.83285086801551,-4.353591221111296
487,55.91729455024864,-4.330734807767335
488,55.80796597982235,-4.345292151331627
489,55.78130505946699,-4.161200070081511
490,55.88505676244915,-4.083781006190165
491,55.88753666118158,-4.086562078408438
492,55.86022310832204,-4.208061466573736
493,55.81796304903728,-4.309280594842372
494,55.924876515050755,-4.333717075899051
495,55.87088057896845,-4.086979465343483
496,55.857927641463796,-4.090977789743907
497,55.821858586076765,-4.158085633499326
498,55.90534297223693,-4.075336043066823
499,55.83054087611977,-4.073231007864241
500,55.892948999202204,-4.2767203798684985
501,55.86525100366571,-4.227941324494581
502,55.82572880543631,-4.07507561573811
503,55.84323867335024,-4.35226048433998
504,55.85858268276762,-4.346720169539431
505,55.89670171161306,-4.124647486044634
506,55.895563005263234,-4.376370884912702
507,55.83467653813221,-4.089582004438813
508,55.783039317574136,-4.353835041193649
509,55.80965524719608,-4.238387818285224
510,55.91140273647696,-4.3176059867162335
511,55.889661634225554,-4.298183964098679
512,55.8404736747715,-4.358470552639432
513,55.85009837787601,-4.167673777221563
514,55.82252230425898,-4.234478757771386
515,55.9229071101254,-4.208203336637119
516,55.814659947899614,-4.370534382619196
517,55.85564304496202,-4.389640747878071
518,55.86386600157944,-4.142784377060334
519,55.80008362883801,-4.1338516765920765
520,55.817781601241194,-4.155699642876385
521,55.83469397023534,-4.391494405124382
522,55.849815855892786,-4.362252762420888
523,55.909122407141815,-4.2147332032223455
524,55.87572410738823,-4.344812619308683
525,55.883139989261416,-4.263198684568022
526,55.86867714006129,-4.311054691797187
527,55.82488955996709,-4.227147204115842
528,55.89038447333719,-4.092017415760924
529,55.88592658808977,-4.3269469370889775
530,55.81417306680413,-4.231090243419912
531,55.835317968141396,-4.277681713982999
532,55.80894863958264,-4.130505139710814
533,55.87218546018968,-4.2666222085121435
534,55.89285803490067,-4.125780310709973
535,55.90750220562639,-4.175793015758369
536,55.80842761930064,-4.197896822712832
537,55.8213757280458,-4.344887873232423
538,55.79660392830282,-4.080785735982357
539,55.83606321318194,-4.1423110847248035
540,55.81150239084262,-4.329197336590065
541,55.83318588651046,-4.331672491996315
542,55.7827445967347,-4.311139149238466
543,55.81959391345566,-4.294432843084986
544,55.81953542301405,-4.375503446156709
545,55.88237010840429,-4.273204418415336
546,55.86437431003594,-4.077582545950806
547,55.828953641350935,-4.122779959865943
548,55.817161780720184,-4.215254078589421
549,55.898635779250874,-4.348466780528579
550,55.91492232419255,-4.23323331802649
551,55.86782207615105,-4.282964928636125
552,55.870363194240454,-4.267381749090255
553,55.823775772159244,-4.226221125312144
554,55.837996045488815,-4.216582894991166
555,55.865079868199004,-4.2409277098752485
556,55.80121883521208,-4.318129574266547
557,55.84434346370585,-4.371399446938634
558,55.83963358311103,-4.084304408557034
559,55.871016008675376,-4.211716728046104
560,55.88142314806738,-4.389348655428262
561,55.802089485459774,-4.30567265543821
562,55.79791339516498,-4.098422574658509
563,55.821188635927065,-4.167882786652842
564,55.895335288598716,-4.156631496569797
565,55.80204378838535,-4.265964424293456
566,55.870472655322814,-4.199375380668475
567,55.7968290415327,-4.353551149462781
568,55.819787719639514,-4.319032863459337
569,55.782705049395155,-4.1740738094391165
570,55.82171999259766,-4.3071963986005235
571,55.82731124179413,-4.3038179085761215
572,55.895718910270084,-4.336952011345951
573,55.906476938685394,-4.118459130716151
574,55.87767707458641,-4.329461061027268
575,55.835734528582755,-4.240012281071903
576,55.920043713317376,-4.219149879094309
577,55.78132130420578,-4.373676491017136
578,55.85828826220422,-4.133688282928157
579,55.893466253078145,-4.188722081537638
580,55.893008073859406,-4.304724986334438
581,55.900358074831615,-4.317283942797256
582,55.89433198085337,-4.335845267246895
583,55.87381290749381,-4.190930517123384
584,55.92438571671297,-4.2969850930927365
585,55.89433425312954,-4.258305911360902
586,55.83053620826046,-4.197925316056632
587,55.87172478202475,-4.15408185631224
588,55.89688347781189,-4.2871447609844715
589,55.792204174391046,-4.107537563585626
590,55.8888079808931,-4.1873322896373635
591,55.820691936902335,-4.243514393759598
592,55.798496970007406,-4.129957349521341
593,55.87428370059792,-4.10628272173596
594,55.92752610774424,-4.183511171152521
595,55.89879812659396,-4.246925392620531
596,55.85670535791182,-4.095149266378789
597,55.80358227349455,-4.2413753299492125
598,55.797550560655026,-4.3677922452265925
599,55.87377579913743,-4.351302481803962
600,55.8590869868697,-4.283920181192985
601,55.890123448298105,-4.291889688136928
602,55.85394215571987,-4.115289135951502
603,55.797027625286546,-4.205953985096195
604,55.79703043580298,-4.289643065838282
605,55.835202330262824,-4.0881517056702155
606,55.829430601261215,-4.26883027832199
607,55.87118801246712,-4.378858554348044
608,55.88117791230488,-4.179730361362783
609,55.90721654039586,-4.239549314893602
610,55.91549242908478,-4.073841535209516
611,55.85511932635208,-4.17156029585637
612,55.91584386926645,-4.094754894216187
613,55.908482210158994,-4.265033563187389
614,55.82366559247654,-4.124909571436424
615,55.91946282234206,-4.363721145545631
616,55.885277883087696,-4.170361667261911
617,55.87252812822008,-4.229336772417247
618,55.854209541603424,-4.257747121304625
619,55.868193738507486,-4.109257279009226
620,55.852635777048754,-4.326026043134682
621,55.86932277800606,-4.115495108562101
622,55.797813099386715,-4.193423392535806
623,55.83037502236023,-4.263487465702811
624,55.805259487813686,-4.1861228673128545
625,55.80412935538267,-4.147706486039927
626,55.802224186433754,-4.221403193824406
627,55.913807384914406,-4.337537562783916
628,55.852748810864085,-4.30820804608801
629,55.85871155821909,-4.076687479356858
630,55.87777390990711,-4.32507611986571
631,55.816189348030285,-4.199497405865967
632,55.89067463397026,-4.196056492814869
633,55.81440701337546,-4.10819419888159
634,55.88846376647609,-4.189534538776641
635,55.815630599300064,-4.216037084592288
636,55.8399069950537,-4.226008375883962
637,55.916283235758506,-4.3624028805348605
638,55.786429694088966,-4.120631969295608
639,55.89670024455607,-4.374979558936458
640,55.83624596515439,-4.260873093219103
641,55.86752304369493,-4.308159835988026
642,55.78407383186906,-4.080128240723734
643,55.80361157162901,-4.143251588148841
644,55.91683466421256,-4.388597000671187
645,55.90496477514943,-4.091688599971909
646,55.90415828913119,-4.289993352191593
647,55.888555159443385,-4.189676814664289
648,55.88862255996871,-4.181749665294616
649,55.858580727954276,-4.259588139955313
650,55.84451677620052,-4.118172598654973
651,55.92808229742695,-4.3902686170650895
652,55.87241166833768,-4.118569017219983
653,55.82136173111715,-4.3226210964041565
654,55.85749301706241,-4.2818322139032
655,55.90136164157037,-4.253323321899274
656,55.82248835265166,-4.273633525813127
657,55.820034480233154,-4.348820108921642
658,55.78427250014225,-4.11979898393532
659,55.810528307853396,-4.246678800383998
660,55.92332487171442,-4.180346449079901
661,55.83035140545959,-4.360791436165658
662,55.87809922595247,-4.373183837263808
663,55.86838658158547,-4.123235278107158
664,55.88519637959759,-4.145528397096569
665,55.803303685475605,-4.2994084417498835
666,55.80681045775928,-4.259120110530255
667,55.805951037302954,-4.301999804404349
668,55.90557973702999,-4.3332270425129735
669,55.83110170468261,-4.166830776609651
670,55.83117352684146,-4.213519221813036
671,55.88506437757308,-4.1952942069310835
672,55.844965693093286,-4.169066130970079
673,55.899101472178856,-4.304809147055385
674,55.7919035638062,-4.294963625285753
675,55.879852678183916,-4.145833149795881
676,55.89772480268579,-4.309014851633967
677,55.874516095219654,-4.373842376750725
678,55.922357030768254,-4.257055394779544
679,55.81687508051618,-4.244694608215282
680,55.79544702340867,-4.298570709377902
681,55.83688135451688,-4.369501308667067
682,55.87129346318572,-4.157319729004338
683,55.80193540979393,-4.259833597030797
684,55.874541222473184,-4.229536767276083
685,55.900319300542144,-4.106142014977315
686,55.830664902710765,-4.207749061125915
687,55.84698431179448,-4.083521185868262
688,55.86904922780862,-4.318474386453148
689,55.86942280675356,-4.156995471643335
690,55.825263274568215,-4.214983266864734
691,55.80650749846335,-4.2948456906420835
692,55.899368636505,-4.330698816424316
693,55.90914433614501,-4.113578452600057
694,55.86500093672398,-4.197343898953062
695,55.83416389958202,-4.109469465779194
696,55.87353031185567,-4.093509578679161
697,55.79610063565744,-4.171348782546678
698,55.78876056190269,-4.105283352037898
699,55.78936022099553,-4.371072199881561
700,55.888766914215665,-4.384912629774451
701,55.82422913422634,-4.08765080415499
702,55.86736138336091,-4.136280646670519
703,55.84204274923095,-4.385306118266715
704,55.80702403622906,-4.241466044767526
705,55.923473091877504,-4.20572393668194
706,55.8616991042366,-4.083036327585376
707,55.84851026261171,-4.184940362828998
708,55.8060483865974,-4.292965434977987
709,55.78288162128325,-4.086083563792674
710,55.88628981368583,-4.183518835582977
711,55.894899968919205,-4.271119916202574
712,55.86573747610388,-4.287387942024493
713,55.91396125139987,-4.326779434464815
714,55.85007446161706,-4.115486780408219
715,55.832488976905765,-4.145755438065862
716,55.81515711211773,-4.2781098214524045
717,55.83080146622128,-4.28514251816412
718,55.89699839781244,-4.309378929999598
719,55.798326199688,-4.288160233558978
720,55.79526813819067,-4.285434778902223
721,55.864927684922634,-4.195344048372727
722,55.84502018562485,-4.240636881187531
723,55.830723526209304,-4.113997103730345
724,55.85904263787281,-4.258226113410738
725,55.84642847690424,-4.189069731571815
726,55.91135868467386,-4.383777495015577
727,55.88959987676299,-4.0897377683222995
728,55.84149586882903,-4.214592315673275
729,55.873297383686186,-4.3926771529739135
730,55.90393378519201,-4.342648925905407
731,55.83655856737337,-4.3160121598338925
732,55.881296901424236,-4.084042520978505
733,55.79278949566173,-4.082700421073573
734,55.82557221025467,-4.153494963976431
735,55.84068811448673,-4.22005164621101
736,55.87428516898355,-4.239238496625912
737,55.85403656006947,-4.19303129545113
738,55.794105491843474,-4.214044658750878
739,55.87764048100122,-4.08274157133164
740,55.82826951501448,-4.130328539479856
741,55.813342552888045,-4.24171863626853
742,55.913136911978334,-4.1813937388420195
743,55.915387877392604,-4.353694091640274
744,55.90694930023777,-4.340522137006662
745,55.912413666112464,-4.257213236922524
746,55.78902937965226,-4.186847593859937
747,55.89284327597593,-4.345170060309227
748,55.88745944308625,-4.387158208045934
749,55.80308160516705,-4.113372777738247
750,55.88939274012781,-4.157318581894285
751,55.83833397593496,-4.3160996892224555
752,55.91741870583322,-4.1136108888248675
753,55.85473890893804,-4.246542538092648
754,55.91738297173847,-4.073125364401919
755,55.85334808400776,-4.247473881652354
756,55.89628571855086,-4.182567052070857
757,55.85963501286591,-4.279145757650452
758,55.84003622469271,-4.327681736249495
759,55.913063367663106,-4.2645754180038224
760,55.89506341739176,-4.194859631070528
761,55.794083830623116,-4.203696340137286
762,55.80052605238051,-4.241052797308359
763,55.832538243223084,-4.100643964819063
764,55.782020173700445,-4.0886289509891744
765,55.92679661195381,-4.347787389018133
766,55.84982729838459,-4.178941494261666
767,55.83097375404007,-4.344998286820458
768,55.84540588934552,-4.358901299331648
769,55.91243401884913,-4.221477418293542
770,55.796437039412865,-4.303714273488726
771,55.89691585143042,-4.331990993585955
772,55.92823296270554,-4.317252069458009
773,55.87626569013076,-4.250476234306271
774,55.86068442195515,-4.365767331524365
775,55.78511696099847,-4.2856861599230935
776,55.85560902828697,-4.226710771106342
777,55.92880164324962,-4.2923296689999475
778,55.92137787308909,-4.1221354107740975
779,55.92082939105677,-4.22751428581056
780,55.864028388684225,-4.2467947242789945
781,55.876850458183824,-4.392261876612505
782,55.852619018064765,-4.381279257319586
783,55.892374361940256,-4.110559204355874
784,55.928245515236966,-4.3240393616904615
785,55.88474400935967,-4.162323364219006
786,55.919698639110436,-4.310063905573293
787,55.894325806354196,-4.170926505936254
788,55.859166224895546,-4.355991979571196
789,55.89584712798613,-4.121111585425851
790,55.8812955299221,-4.3135608142760065
791,55.87212345783619,-4.328044661265936
792,55.90164438216556,-4.385011742290881
793,55.90175508595164,-4.329045718219745
794,55.914352749734896,-4.121020415713839
795,55.852053285749406,-4.363635560140787
796,55.84236216025861,-4.344375746375377
797,55.87646918033481,-4.143216308472823
798,55.79874754055392,-4.219950943885813
799,55.85891162741295,-4.383908716222785
800,55.901980905094554,-4.388204737541688
801,55.85343098345282,-4.078644625222046
802,55.89098833629028,-4.1900457894344365
803,55.9086813900025,-4.096366938005335
804,55.88612032786837,-4.340620546869791
805,55.80611469989481,-4.147524493935759
806,55.80939676996221,-4.306330650237944
807,55.916192738543835,-4.1723216873170355
808,55.913997201935075,-4.330131158698141
809,55.8639113146123,-4.330670417928811
810,55.8665513900003,-4.225647098915012
811,55.79835176422071,-4.2661106040938295
812,55.79207002969392,-4.177968977353253
813,55.835520684649325,-4.102901511066855
814,55.90107094958206,-4.2582128989632455
815,55.89110357757864,-4.32401322111645
816,55.90525598309829,-4.22491680241035
817,55.92803882383494,-4.249698156499743
818,55.89502539390244,-4.086976941354655
819,55.82631616314605,-4.213373777752416
820,55.88723693200097,-4.311880539187045
821,55.84779361891448,-4.323095988786201
822,55.82461602353511,-4.2865404531075875
823,55.821292718838905,-4.1256649694192875
824,55.89600061220536,-4.199544464933389
825,55.85688454497466,-4.276287305810111
826,55.86882773860244,-4.223368240728587
827,55.83236756248053,-4.29383751130773
828,55.79488404838241,-4.096760687215544
829,55.86709581922342,-4.151473741518481
830,55.851571807438006,-4.145569772618428
831,55.78864233334919,-4.271015167310297
832,55.88562261919156,-4.133933309278923
833,55.83360139670594,-4.072092859346754
834,55.8634782049127,-4.29409747812302
835,55.87212140197824,-4.096101728221331
836,55.79673319809571,-4.177607092769146
837,55.91548427745343,-4.37060936894972
838,55.82639967739023,-4.358650481919752
839,55.80931816698612,-4.229254606418269
840,55.89526500877089,-4.2922364637953585
841,55.89505211903121,-4.13321560665298
842,55.91006020678678,-4.247373301895603
843,55.78765433826637,-4.211855195270453
844,55.834692636924046,-4.163112672116276
845,55.82067657998633,-4.38679561998724
846,55.7933154103105,-4.0767310480205925
847,55.80585030561244,-4.377206874422512
848,55.825469805893334,-4.210082312125474
849,55.88080787201845,-4.167248200952867
850,55.88256183218027,-4.3417436138362
851,55.87945420891918,-4.137246370798621
852,55.86822851099801,-4.340348233485082
853,55.92486970157738,-4.240718692159536
854,55.915406389985606,-4.198630374582768
855,55.889059256636735,-4.157183876147459
856,55.89112049940289,-4.265746906107453
857,55.80204077556746,-4.383242678323012
858,55.80670601756947,-4.106351421210682
859,55.85121722558459,-4.214296189302839
860,55.898367932588734,-4.238102631591336
861,55.85847219406281,-4.188225131938801
862,55.835508890254175,-4.172853603156932
863,55.824135844412154,-4.202854853041146
864,55.8730217293093,-4.081322540962247
865,55.88006629010098,-4.149726186825172
866,55.926680588608235,-4.247400864966589
867,55.86258399468149,-4.159788823238297
868,55.88068254918202,-4.358256230424106
869,55.88157053709322,-4.208059069998934
870,55.906097247355476,-4.088361705764431
871,55.86967067637043,-4.099173472450478
872,55.8276420283294,-4.173126587430421
873,55.92377520275269,-4.214168452960689
874,55.9183839146547,-4.3822021374143425
875,55.8075509298781,-4.169292290555692
876,55.82609240798443,-4.173173364202335
877,55.8079911618102,-4.200187460217355
878,55.879366038055586,-4.289269889244551
879,55.788910445103745,-4.170947806801046
880,55.81793743733513,-4.094322649676505
881,55.88896825312551,-4.2515123564261845
882,55.89477692760535,-4.081272817055005
883,55.87270034101664,-4.096114733879755
884,55.839468369081,-4.265173639054915
885,55.81413363739643,-4.204193929115315
886,55.849654675133415,-4.083996385761737
887,55.82183899411248,-4.218917150116013
888,55.78278295269563,-4.251958294045546
889,55.88621309542401,-4.172531313369289
890,55.831705010757354,-4.212240618256454
891,55.92450849190051,-4.223997498954951
892,55.841752876093935,-4.258013193714847
893,55.84820719637439,-4.246982988257541
894,55.903626902635175,-4.263243278236043
895,55.80252900119429,-4.383199905540454
896,55.78597904190451,-4.232904650172219
897,55.87303999437241,-4.214893978890797
898,55.869119749723545,-4.308655216693869
899,55.784559691542505,-4.195524843078818
900,55.875515709534525,-4.123632587549237
901,55.91839818898407,-4.264558307897728
902,55.80272410482965,-4.366949889069886
903,55.809837700332935,-4.29991102654696
904,55.82637094122954,-4.212766963284764
905,55.89308218296476,-4.2402930147735685
906,55.799977082248546,-4.371686573466559
907,55.8538299404129,-4.245208202490824
908,55.83075977189865,-4.251037613083071
909,55.78923723776569,-4.228133305592834
910,55.913138534838154,-4.1534418613933
911,55.818191500766254,-4.358184678813778
912,55.91729347708693,-4.2851961496168505
913,55.91154273801599,-4.106658860522579
914,55.87368872380066,-4.145025502567033
915,55.86682946384152,-4.190948289395393
916,55.87728068351419,-4.15392122545784
917,55.8608347365269,-4.3435651045094374
918,55.893764064909966,-4.376259830724863
919,55.91591102483243,-4.2270998602171215
920,55.850351737439034,-4.3857433982703125
921,55.7864099723429,-4.198411646918206
922,55.80771891852575,-4.188865327124411
923,55.926583416726196,-4.286817115166471
924,55.927193621909474,-4.088257147800522
925,55.86267071106896,-4.128836053106991
926,55.7898382597473,-4.305310289346905
927,55.831879724380016,-4.3452796801823
928,55.79851513501241,-4.15793755095672
929,55.897835677789274,-4.341288613141684
930,55.855883110255625,-4.2450012634816785
931,55.783981475887266,-4.224569739482597
932,55.913140933687714,-4.076421979789894
933,55.81323648582682,-4.248500661180265
934,55.812039755925504,-4.086393669388333
935,55.89547401899554,-4.3708696608360835
936,55.823931919868926,-4.250393063193534
937,55.83579693880341,-4.206916838601619
938,55.833514281132715,-4.20968925566604
939,55.92321714753562,-4.141601249907976
940,55.8724810678245,-4.115473393344974
941,55.78530055163516,-4.278096530595089
942,55.92078698056132,-4.106011790537266
943,55.824225905985145,-4.162012498231067
944,55.78898515553953,-4.165810394183577
945,55.87455246942549,-4.242589844149424
946,55.798310704676766,-4.245145327887808
947,55.812005839952896,-4.219250841845694
948,55.88250919066585,-4.2646139195088235
949,55.78589113334032,-4.379168370247267
950,55.79228477481785,-4.183389918987268
951,55.82261772163893,-4.160981540630606
952,55.79212087499569,-4.277645771999914
953,55.899751315584204,-4.141610788222085
954,55.82572095431292,-4.177035916544059
955,55.880727638510066,-4.179943505832811
956,55.91858820993719,-4.149577747924296
957,55.797057880869154,-4.1015453889872076
958,55.88250204457011,-4.129751149654525
959,55.804748138911535,-4.190729078873528
960,55.80755893123481,-4.2122449952567855
961,55.909302879917256,-4.266344108847538
962,55.89711868312249,-4.2038673784873755
963,55.79294368764895,-4.328572279476555
964,55.820780403961265,-4.242799086620987
965,55.89946724693234,-4.10207835051656
966,55.79558128455556,-4.115546466933541
967,55.89420521348334,-4.305941445409728
968,55.89575487405891,-4.339302453529264
969,55.84305401531677,-4.211289923562626
970,55.90636509279504,-4.175915502712637
971,55.91717801431893,-4.2487752537339984
972,55.85636404033242,-4.228445107635628
973,55.902797527535604,-4.210299631802507
974,55.783877715800664,-4.229494970913552
975,55.86584983024207,-4.166467870278234
976,55.79227765069076,-4.164963041106559
977,55.79944600153367,-4.071784291362845
978,55.8225132523115,-4.259277750508814
979,55.87642008694436,-4.334391493912218
980,55.88314461599049,-4.1217294064788215
981,55.872724254730194,-4.321949916032547
982,55.84181431081018,-4.09617220948182
983,55.88377169779431,-4.078678943418706
984,55.88810201388635,-4.085890472292272
985,55.89969177392765,-4.317027390256284
986,55.8168507352595,-4.1386493862991385
987,55.8177251946949,-4.080811443484647
988,55.82324451849748,-4.350121771624201
989,55.82438539664385,-4.321420294765553
990,55.88630654030671,-4.269539578761236
991,55.8423154239143,-4.350859456088691
992,55.84223914599116,-4.171460351553706
993,55.903067394899864,-4.264324610498436
994,55.80731563511418,-4.188417021750258
995,55.80057873945815,-4.383459969916525
996,55.878754297865825,-4.28140512923166
997,55.840719947215575,-4.147963134310362
998,55.7872288047332,-4.387944104928827
999,55.902109050841446,-4.150756876535305
1000,55.86509600544725,-4.1832533614887515
1001,55.83621839565763,-4.118778090880972
1002,55.88857277306282,-4.347754318347235
1003,55.84142367540022,-4.222955480905199
1004,55.8940829416914,-4.332655248504163
1005,55.79008052052299,-4.276517254966534
1006,55.88818759815519,-4.155183016020937
1007,55.880217468371015,-4.31609820390787
1008,55.82678305945583,-4.079771325179435
1009,55.88349358524858,-4.089279691124585
1010,55.80695054211699,-4.1444051618055
1011,55.79976831037156,-4.308503340305867
1012,55.92688289156808,-4.353004641876469
1013,55.830668049210715,-4.363684201878178
1014,55.84906208836365,-4.267193115178218
1015,55.90148798083019,-4.349695683840203
1016,55.92638247471099,-4.36414235131211
1017,55.92664751916506,-4.236375141887607
1018,55.82132186975305,-4.137124805747477
1019,55.913528241826704,-4.2280348201442415
1020,55.87007608224439,-4.308581078007255
1021,55.856578088498374,-4.384905208858448
1022,55.79859765862134,-4.240396626782583
1023,55.82494143681755,-4.207855759673478
1024,55.81342037290635,-4.264872769657844
1025,55.87040737930722,-4.169841735941881
1026,55.7842892982689,-4.084648057685676
1027,55.836784166047046,-4.302545639267532
1028,55.81497517411223,-4.078361978279394
1029,55.890736778566975,-4.1659295695236
1030,55.79426132769844,-4.111185665805335
1031,55.89672807437028,-4.211525118374011
1032,55.82082397657489,-4.077207175764759
1033,55.87771297632867,-4.136601698462141
1034,55.8749954201483,-4.269246745136306
1035,55.79659373521874,-4.1158944390358565
1036,55.8421052692168,-4.285093019558082
1037,55.86454523268968,-4.143962005832243
1038,55.86274473672526,-4.1706515979553185
1039,55.82667392080531,-4.120503827191694
1040,55.851857842795894,-4.385886016037734
1041,55.882137506335575,-4.153426802962132
1042,55.85457742376138,-4.357613696517006
1043,55.86663447706052,-4.152710489950909
1044,55.822133866038186,-4.11203705476534
1045,55.92864432281952,-4.098319380943856
1046,55.78591431051328,-4.169964609921205
1047,55.82657876083411,-4.229049165241523
1048,55.7952103403015,-4.215701197799237
1049,55.79503370822206,-4.245970327284876
1050,55.89237410259177,-4.311338544262161
1051,55.8392705187578,-4.19532530403718
1052,55.91385047744868,-4.237221231756865
1053,55.88913730060967,-4.384844210858536
1054,55.91021490824093,-4.148519079102823
1055,55.83509796535235,-4.104410865913339
1056,55.89850642869126,-4.088938356206546
1057,55.928739638272916,-4.326556573529539
1058,55.839959943609756,-4.382092791969107
1059,55.804674836286914,-4.2671275513981595
1060,55.856152017641634,-4.197502913101747
1061,55.926038475666076,-4.205847953749725
1062,55.87883304509159,-4.250628513784012
1063,55.79076735402722,-4.211122624100512
1064,55.81358930793965,-4.0864793166993465
1065,55.78797625433829,-4.111549046435738
1066,55.85542454726291,-4.205429389711709
1067,55.89856091821399,-4.363567054491581
1068,55.92682998049115,-4.348556713091401
1069,55.927476428168774,-4.1179008138616915
1070,55.85384836379462,-4.2092099127571405
1071,55.892560470345856,-4.3103196512024695
1072,55.79083212234658,-4.074987972572738
1073,55.892656658995286,-4.245353661541645
1074,55.836742544039176,-4.267807541126477
1075,55.92203042780112,-4.292487692960606
1076,55.789986196989126,-4.282303474798468
1077,55.78871004538193,-4.186412880035539
1078,55.88339241746816,-4.384966150839782
1079,55.92928744170621,-4.191028172607704
1080,55.78268160630952,-4.321819771062585
1081,55.78602645523255,-4.170779993040258
1082,55.8062040144153,-4.224473964609162
1083,55.80899058006139,-4.306479421710599
1084,55.80467153876099,-4.102371410399055
1085,55.89755346303608,-4.20515072952254
1086,55.85772237692181,-4.317208021686555
1087,55.87730390960295,-4.340905687247472
1088,55.86111763639941,-4.183024477202124
1089,55.88618339788003,-4.134429186473923
1090,55.86814242031357,-4.3504047428347565
1091,55.86876039660634,-4.109434452083637
1092,55.916480659620724,-4.086478402685701
1093,55.83576836979815,-4.325436458021469
1094,55.785598762285254,-4.2133927906143365
1095,55.814628550272246,-4.241037325550527
1096,55.92246888228242,-4.185317401409139
1097,55.851201683049126,-4.209268637271786
1098,55.793147440949895,-4.191310156027008
1099,55.83206426039003,-4.309391457650074
1100,55.84738082610915,-4.1888611921632855
1101,55.82738173438885,-4.29004724471811
1102,55.83531755663854,-4.223567731146821
1103,55.86386176525733,-4.375794611262726
1104,55.88561446428081,-4.261842855442943
1105,55.815329445823025,-4.115098863436519
1106,55.811088701578264,-4.251721029759053
1107,55.925535692219356,-4.305777625595318
1108,55.79340661910393,-4.315174585929865
1109,55.92902301878585,-4.246962640431427
1110,55.88023937718811,-4.327429678287996
1111,55.81468880324141,-4.18373180091158
1112,55.92694622765374,-4.338983184827883
1113,55.91134440767658,-4.1652423421285745
1114,55.799291382067494,-4.143557891116442
1115,55.909595170671764,-4.337246762831194
1116,55.85433995666161,-4.356495811692036
1117,55.786525740265084,-4.191897987380033
1118,55.86918258052072,-4.297176757960613
1119,55.82675173623137,-4.155573467515566
1120,55.89534148123657,-4.107556235079053
1121,55.839704395895794,-4.335910648838101
1122,55.919258835030035,-4.133100348189287
1123,55.854862192208266,-4.168421427283086
1124,55.80640694310618,-4.2940155165481055
1125,55.924711222750204,-4.173920113122495
1126,55.91741364381891,-4.09251092718437
1127,55.895055787426166,-4.146029730055998
1128,55.889261288354405,-4.209421932792823
1129,55.875748874423756,-4.160615242860768
1130,55.7925905241005,-4.155930337099975
1131,55.88759368541131,-4.362227888499079
1132,55.82058992353425,-4.074427006972296
1133,55.91989430164708,-4.154076317851966
1134,55.846343739538554,-4.087777244449118
1135,55.90361668312347,-4.112524735604652
1136,55.924197374412834,-4.105422785988194
1137,55.85538393678959,-4.359947327552504
1138,55.853813826784,-4.101888320609444
1139,55.7970156724374,-4.337340434090678
1140,55.898992462352616,-4.383899126819533
1141,55.81311646661736,-4.213914867121063
1142,55.849396295811445,-4.145945799807477
1143,55.85220893608235,-4.1251931747838215
1144,55.91900813767619,-4.353383498827268
1145,55.899182937106595,-4.183612827998647
1146,55.84855463906139,-4.155922872980139
1147,55.88353643026641,-4.161735090220813
1148,55.86270530670632,-4.262559352631916
1149,55.888052624618474,-4.164206210273335
1150,55.79330761668778,-4.251211942497509
1151,55.89057053947274,-4.100444083450824
1152,55.81658448879122,-4.365435011648156
1153,55.83078805716468,-4.336620489357603
1154,55.86020998151942,-4.3207380837966785
1155,55.7850438969933,-4.158848102224421
1156,55.81367586933546,-4.323699533658733
1157,55.81988259837851,-4.386284181104828
1158,55.88320457734825,-4.149652852397248
1159,55.83324026249549,-4.151182958817034
1160,55.9032908534309,-4.339389913962803
1161,55.806087432247026,-4.085634396535061
1162,55.860651563281856,-4.27533389848481
1163,55.84783419524612,-4.157970196112843
1164,55.87705152647604,-4.278623519361032
1165,55.80140595059407,-4.343855838131498
1166,55.8932212617656,-4.3828570472631885
1167,55.911330915660116,-4.218947061440342
1168,55.86612446742167,-4.300717801282519
1169,55.87395280301218,-4.275367334098172
1170,55.783751064416165,-4.124719713156735
1171,55.8407093069654,-4.295529548116524
1172,55.89368971487673,-4.21969429702619
1173,55.79316519543514,-4.128271202539978
1174,55.799670519025405,-4.191654118062988
1175,55.83325023212621,-4.317167871642086
1176,55.884335467281225,-4.196504164460255
1177,55.78392235974329,-4.329965547540674
1178,55.79994730636114,-4.339874855544118
1179,55.84076135460609,-4.300786852020477
1180,55.8234986533697,-4.214322057960776
1181,55.81726584111021,-4.1692856774877605
1182,55.78851742243864,-4.267900109112731
1183,55.92593698683318,-4.305330285762823
1184,55.78729936213408,-4.370436098584638
1185,55.86697549916067,-4.321449180483543
1186,55.850113448878545,-4.307016189432607
1187,55.8469207643713,-4.1661873182905484
1188,55.876709620741245,-4.131723865021957
1189,55.84671140536642,-4.173916814722635
1190,55.90932194616289,-4.17871940054151
1191,55.78827022624642,-4.1346065410236275
1192,55.892006029963945,-4.219594450954374
1193,55.79758334305385,-4.2516941868155
1194,55.888070976687196,-4.24803597518564
1195,55.84911948508179,-4.359344421769723
1196,55.913358804371015,-4.224963655314477
1197,55.84865052712366,-4.273440906108106
1198,55.92459338168771,-4.1502525381022535
1199,55.79766458281046,-4.392450775688558
1200,55.87468177172171,-4.330860502342556
1201,55.91639098965434,-4.162950666866328
1202,55.89619860970428,-4.174628807541937
1203,55.84132918415345,-4.279067164444587
1204,55.83989906007305,-4.3514927866026065
1205,55.92572666548639,-4.0924842825467715
1206,55.78157692238748,-4.16235087459899
1207,55.88070739917324,-4.278259594176246
1208,55.80550521785799,-4.111352950012968
1209,55.83092035195274,-4.237886162746859
1210,55.80703056555834,-4.30756592889396
1211,55.84025730394224,-4.159095986445254
1212,55.89230880640615,-4.170382298946086
1213,55.89202078893913,-4.294101433106241
1214,55.79319885165984,-4.222292261730021
1215,55.81132744041591,-4.257906252526485
1216,55.84825074773621,-4.132672159434827
1217,55.906585409287814,-4.085319601447298
1218,55.816048130352804,-4.315969826633915
1219,55.81313946421502,-4.119315567685467
1220,55.860635497971856,-4.291352462894297
1221,55.79508330234472,-4.28555944553618
1222,55.86342709124037,-4.162973539476464
1223,55.80410884579984,-4.098811553334165
1224,55.898631863567054,-4.371979653749509
1225,55.79958565437101,-4.313003682622177
1226,55.856038373815956,-4.2758481855663675
1227,55.81724960603957,-4.362813901433085
1228,55.89807510455041,-4.3116713806026405
1229,55.78582384173973,-4.154675542035468
1230,55.909494653065494,-4.133710278839474
1231,55.811090372929094,-4.1785083664253175
1232,55.80067971137757,-4.150465494915241
1233,55.86624154881223,-4.244387445612731
1234,55.88140857116283,-4.2751597019698915
1235,55.832848002793625,-4.221264903083544
1236,55.8558679140825,-4.156290894097878
1237,55.795582401998935,-4.112329849611814
1238,55.88267480772608,-4.337401442953484
1239,55.81993294997212,-4.368270102512363
1240,55.80938343194172,-4.227381638344992
1241,55.81222660156003,-4.360766397066546
1242,55.78154032821404,-4.364526110324631
1243,55.91580134460436,-4.188829923790735
1244,55.867361022765444,-4.234004023531065
1245,55.80334754665487,-4.286020059584345
1246,55.86321557000139,-4.266242902282217
1247,55.81410694403837,-4.298369664790454
1248,55.91575365412409,-4.153600844341918
1249,55.92738347504777,-4.2328583253827
1250,55.892906027574824,-4.077056918087972
1251,55.85679842799975,-4.102853196177017
1252,55.89412381793804,-4.316822447255978
1253,55.855915529180095,-4.122252936454303
1254,55.82824256447905,-4.24093772475086
1255,55.849742206903805,-4.146696775725992
1256,55.8406507632284,-4.25822575556916
1257,55.84266511035503,-4.356342132721355
1258,55.91206381496538,-4.356519396746881
1259,55.81898469775451,-4.286171167245633
1260,55.82190815661915,-4.256231923536847
1261,55.83811540715563,-4.319239310385512
1262,55.87565869076362,-4.264793539206771
1263,55.78762103783157,-4.174093738735823
1264,55.85359618522931,-4.3543597478016
1265,55.80892688383017,-4.196576828006515
1266,55.851858086983846,-4.123847235243556
1267,55.79143235192637,-4.173246676547989
1268,55.92742751695377,-4.366800912884308
1269,55.78395963355394,-4.209950126734365
1270,55.92324413153141,-4.172870767771148
1271,55.881009692147764,-4.084222058363701
1272,55.912892826117435,-4.293155508828816
1273,55.78886117265071,-4.102901155333104
1274,55.914593734367756,-4.301814645392975
1275,55.86639096034731,-4.295913581647092
1276,55.79613420096449,-4.107284804944348
1277,55.83660947623689,-4.375105446803021
1278,55.844042974,-4.355940451286044
1279,55.91977610176689,-4.324757869615022
1280,55.867444697568814,-4.2906129795487935
1281,55.79210803960037,-4.231269220518529
1282,55.876872619673605,-4.31754132341909
1283,55.83420936297924,-4.2167475516285355
1284,55.91982540214477,-4.2172101893619365
1285,55.821117026274564,-4.243114805677186
1286,55.8163806349451,-4.367444587879977
1287,55.90041766881765,-4.137077620530817
1288,55.78793564683878,-4.387246218316917
1289,55.8880868449628,-4.118587534020194
1290,55.865689467022136,-4.37557690578138
1291,55.78295174717736,-4.207925028967374
1292,55.90004398055766,-4.080609417477909
1293,55.88254227366383,-4.156068859906478
1294,55.88857917744727,-4.356099550178935
1295,55.90874312384374,-4.30599991103707
1296,55.78730316863933,-4.163340054768677
1297,55.864439809751616,-4.288341762921193
1298,55.85091003232244,-4.135874993333217
1299,55.78615592406753,-4.21953151606152
1300,55.82053012049029,-4.103963340633571
1301,55.885360662007315,-4.271321568029944
1302,55.803768353234744,-4.2664477887921475
1303,55.906857569569546,-4.251141424676104
1304,55.79655045360495,-4.117562312941831
1305,55.79688001954325,-4.25718533604684
1306,55.89196982102082,-4.282595850545998
1307,55.86069344872367,-4.336420122998185
1308,55.8167632609705,-4.272583606328782
1309,55.92884482396086,-4.265466742581925
1310,55.81708821156885,-4.354738800413027
1311,55.79065307698831,-4.163054270956806
1312,55.836568351106486,-4.125171309547884
1313,55.91833670803182,-4.101897776434643
1314,55.867420455235646,-4.30356974256806
1315,55.88091630590452,-4.09148485045321
1316,55.878371028855504,-4.313694589331843
1317,55.80042732813016,-4.122283177823001
1318,55.885373297974596,-4.165115756609868
1319,55.90872644476137,-4.094668023106499
1320,55.87602674201489,-4.105547367588674
1321,55.786569049175256,-4.093891392621979
1322,55.815844719876274,-4.228915377395888
1323,55.847137811697955,-4.133277148542732
1324,55.91598391737612,-4.076956840483689
1325,55.83190319394463,-4.076307880135498
1326,55.87571847351889,-4.123058417921067
1327,55.84957798004526,-4.383586924073761
1328,55.87057450966553,-4.3225708796866495
1329,55.92314619578229,-4.2733419661394345
1330,55.86645615610379,-4.378121759613239
1331,55.851341088403494,-4.112111794895662
1332,55.88255652098145,-4.334580236106773
1333,55.92616413107743,-4.217223705580006
1334,55.81840630647687,-4.347788366377201
1335,55.90179808827584,-4.10191055548022
1336,55.829560970138964,-4.380973908300965
1337,55.88181219096254,-4.2906016036674135
1338,55.9136107002764,-4.124069519826299
1339,55.85803417402006,-4.085913187392596
1340,55.89668855261901,-4.298135426010111
1341,55.880298293821475,-4.182782420937509
1342,55.819859238620516,-4.276511890509126
1343,55.79418826982175,-4.220382945953135
1344,55.837623697421684,-4.347449316748376
1345,55.825116327822286,-4.157537177027106
1346,55.910356184389364,-4.368348559185333
1347,55.81626996395532,-4.37489766935348
1348,55.82572623696729,-4.223685284845615
1349,55.86294928872839,-4.1970527898276
1350,55.796289298177044,-4.194690521207795
1351,55.846404677592055,-4.390980510335272
1352,55.828331889027986,-4.217573145101057
1353,55.85208169115254,-4.136070014113042
1354,55.920861019221476,-4.19400619567083
1355,55.87067554708417,-4.077391940480078
1356,55.86541065138879,-4.12417334246358
1357,55.90277841838394,-4.102548138704256
1358,55.85348707328493,-4.318434109296685
1359,55.86471749336458,-4.380171556780394
1360,55.895041953269455,-4.328581814931063
1361,55.87080767538963,-4.316834693018506
1362,55.844198672904284,-4.229591491898343
1363,55.901478878566515,-4.2510764383800925
1364,55.906693888687556,-4.346434981165003
1365,55.89263509839087,-4.286613196532448
1366,55.791063185959516,-4.087396096228102
1367,55.84204166342745,-4.315770525942976
1368,55.829056093838176,-4.314633884833695
1369,55.90797216956639,-4.274930793848638
1370,55.816729770443075,-4.161172217899141
1371,55.89526305885166,-4.387343274728225
1372,55.815426482493955,-4.306487597266213
1373,55.794177115669484,-4.11622736515256
1374,55.8554855567448,-4.350864289182245
1375,55.90254802496823,-4.138429077820751
1376,55.809426928449156,-4.123479498919236
1377,55.83404454817878,-4.143252623017001
1378,55.88887233224371,-4.074360697680092
1379,55.82622264981722,-4.272992764174672
1380,55.85758247579694,-4.108622450870039
1381,55.817594111384416,-4.30784749503442
1382,55.85569367399522,-4.123277918433647
1383,55.85428430863354,-4.210692485351902
1384,55.9128305254043,-4.288640958853478
1385,55.8725598728309,-4.372251910951257
1386,55.90345902091796,-4.101244242519947
1387,55.818388517957956,-4.176073932877143
1388,55.90070860824159,-4.108517737123378
1389,55.78472240847934,-4.331994517321306
1390,55.80116506196219,-4.2947605372883695
1391,55.904047505847885,-4.332974666452474
1392,55.84291929108876,-4.134843275407475
1393,55.89356737527977,-4.323902906384927
1394,55.86436568666589,-4.138792478631721
1395,55.8694624185656,-4.341603664353078
1396,55.79864149615768,-4.38030602578217
1397,55.89099467426112,-4.096746437685283
1398,55.86021406706355,-4.121473292692711
1399,55.884057424763334,-4.227282370531936
1400,55.91835546387834,-4.09992509093173
1401,55.81015500405018,-4.380911156876939
1402,55.84040949016427,-4.388856266517492
1403,55.91783647891317,-4.359031595614931
1404,55.80140919892659,-4.362996381260553
1405,55.90838806655306,-4.209645485042117
1406,55.78168530182236,-4.308284216004742
1407,55.92864714314257,-4.201153861149757
1408,55.9187375991296,-4.134619678654277
1409,55.88339735122409,-4.207109115272093
1410,55.89885042250976,-4.2530463961969325
1411,55.88186077393764,-4.239284301654554
1412,55.85303219669548,-4.19267209903245
1413,55.860769023147235,-4.334319907530731
1414,55.83932258722669,-4.29365961682218
1415,55.921549086214206,-4.084153269858377
1416,55.84364754408086,-4.091683369357029
1417,55.8904119656496,-4.351320044126869
1418,55.92043930763923,-4.298224731873894
1419,55.8350031154131,-4.326706060507917
1420,55.87349355744406,-4.358893532173675
1421,55.896284182656885,-4.294120608060177
1422,55.80925267976311,-4.218513315940266
1423,55.79069964839781,-4.292823112906486
1424,55.884653172364494,-4.2864762478274265
1425,55.84409674261477,-4.27059766504279
1426,55.87126171828284,-4.193529471386781
1427,55.815272672326394,-4.155797911186924
1428,55.81090965311789,-4.301768377213706
1429,55.84272497301854,-4.153925968360756
1430,55.90022173550204,-4.384554067209748
1431,55.90169977194535,-4.148775350450821
1432,55.8855318976249,-4.194872698990983
1433,55.89079998884175,-4.125790300065733
1434,55.91985500521585,-4.21272897163783
1435,55.799617239242245,-4.152878476035067
1436,55.82919068155375,-4.282258925955491
1437,55.814128464439364,-4.27786541371915
1438,55.91519219415312,-4.371636517631908
1439,55.80252296012868,-4.300504815074315
1440,55.86976533203053,-4.390942953971236
1441,55.85746679537965,-4.33090196251931
1442,55.7985322233235,-4.200010908446686
1443,55.904991647922664,-4.081648123293381
1444,55.84790276362038,-4.286528275825237
1445,55.90328255694137,-4.180661775155081
1446,55.841641979374586,-4.163943905441035
1447,55.82126044369589,-4.12512496596796
1448,55.88161262088445,-4.3360427348153046
1449,55.89342746208169,-4.184481264954782
1450,55.79569443329994,-4.393061277765298
1451,55.87852027311241,-4.281364126662627
1452,55.92480156875302,-4.2305143646085
1453,55.80870253266655,-4.313974970511477
1454,55.88552482057657,-4.090741728727777
1455,55.900437712892284,-4.35759681524957
1456,55.80951868579567,-4.227983648486652
1457,55.92623580879637,-4.336522365217031
1458,55.830451866102834,-4.2631380007908355
1459,55.8700274677292,-4.1308144899132415
1460,55.89738355633042,-4.231338494160216
1461,55.82492213313291,-4.143583546706808
1462,55.88740659187437,-4.18273384212264
1463,55.83850747787407,-4.1170816030866115
1464,55.873516414281994,-4.096318046779701
1465,55.84851186224248,-4.239441800199418
1466,55.82978943039147,-4.231568994549572
1467,55.872867429228414,-4.271590833715745
1468,55.894590221314616,-4.279600266666639
1469,55.79233842146585,-4.392526555620985
1470,55.86317503324656,-4.191225162719061
1471,55.82271634168072,-4.230898562206448
1472,55.864832388326235,-4.0734554541342805
1473,55.8491202337719,-4.3314431881915425
1474,55.7879326883166,-4.095193957293153
1475,55.81736363069931,-4.189735768716542
1476,55.86579169129746,-4.147507777692189
1477,55.79427820626437,-4.19859303377641
1478,55.85610248686082,-4.340826171438984
1479,55.81434919225277,-4.130597472130471
1480,55.82819079454485,-4.198452719432892
1481,55.80666506387644,-4.234282783856813
1482,55.83133316054514,-4.139735133323036
1483,55.85505418959386,-4.221121022762834
1484,55.878718129585636,-4.177797806351871
1485,55.898611072008144,-4.140716409979643
1486,55.925432862908366,-4.306890826632127
1487,55.899893094494644,-4.371705895160056
1488,55.92140784309169,-4.309250831983182
1489,55.7903799214547,-4.289138128363922
1490,55.8183850079572,-4.208936977054524
1491,55.915845715791,-4.374130734536075
1492,55.886529175840835,-4.38703078855749
1493,55.878098466928826,-4.358988932234126
1494,55.858575311830656,-4.119603755242584
1495,55.82901598742501,-4.383982178031292
1496,55.82123432440641,-4.073350960669756
1497,55.925069788860824,-4.113227753782974
1498,55.87716403914041,-4.278436030070709
1499,55.87695688840582,-4.320574258826659
1500,55.837855314817894,-4.152723170517267
1501,55.90877977781437,-4.2011793110936155
1502,55.907782770855306,-4.372054122232142
1503,55.82637712919532,-4.352724483203384
1504,55.87902387242347,-4.0859410512724486
1505,55.88908231456436,-4.282580879915177
1506,55.86132430055005,-4.302847940413406
1507,55.896313239703716,-4.141280791542696
1508,55.871475433076625,-4.328430002466451
1509,55.86787928917853,-4.218736741793525
1510,55.87015930548214,-4.140864765020689
1511,55.78382313919771,-4.275829027129266
1512,55.8341280098236,-4.337577105387731
1513,55.825011108169996,-4.28195810472985
1514,55.83023469807214,-4.344498816260635
1515,55.88852343624341,-4.353332661146735
1516,55.8320122832133,-4.14417689357102
1517,55.82372280637028,-4.385634081206507
1518,55.861712011934436,-4.140517847816227
1519,55.78414756625932,-4.309036284360899
1520,55.84687471022492,-4.26993180302639
1521,55.869334454309204,-4.107741825150603
1522,55.8396028972675,-4.220841009819407
1523,55.84465097936137,-4.317888985478092
1524,55.79941219820032,-4.1961395193595745
1525,55.91941736177952,-4.210647882764808
1526,55.79725896621452,-4.137452927697919
1527,55.89836709416883,-4.2827150549841315
1528,55.904641966099206,-4.2984789974416024
1529,55.79693290281064,-4.14937569777029
1530,55.82223443749243,-4.224717042923353
1531,55.89196446924642,-4.204091628150758
1532,55.92347971228114,-4.2801779510756885
1533,55.85586215673619,-4.100438668003905
1534,55.927391445852514,-4.212540606160071
1535,55.89681882373948,-4.331002507291403
1536,55.82574649282036,-4.090215852720116
1537,55.88479386853988,-4.242845722547469
1538,55.85355103807812,-4.273583891853016
1539,55.78427483238982,-4.25282088472385
1540,55.86895708595769,-4.092958235159607
1541,55.810843207687896,-4.3929589444757475
1542,55.911318866691786,-4.323627950295489
1543,55.906444434846115,-4.178108420083854
1544,55.793015889878504,-4.285102530904019
1545,55.87890439577863,-4.13018855949874
1546,55.91743538898326,-4.30842825713871
1547,55.81042556300045,-4.148190189058161
1548,55.86947058660657,-4.35711398681163
1549,55.83372748825763,-4.367170294397144
1550,55.92673676800174,-4.176246006016556
1551,55.88521843711653,-4.13949732096081
1552,55.84575444424769,-4.19960924152658
1553,55.92499650942253,-4.210887907780894
1554,55.910972229332835,-4.275537361329275
1555,55.80861739698312,-4.17357509134733
1556,55.87645277503861,-4.162466462944587
1557,55.8183560492041,-4.1281664584255635
1558,55.85360594131981,-4.334688004271849
1559,55.802056341015124,-4.216007586653318
1560,55.87125444438602,-4.169577545047845
1561,55.87200805413241,-4.279080963245675
1562,55.89104835941592,-4.248225162695245
1563,55.86325118833976,-4.195326194449454
1564,55.83968208182805,-4.2127852968893675
1565,55.788000610481866,-4.323713989718424
1566,55.80614889076893,-4.3250100377095375
1567,55.808948750750524,-4.318166376465687
1568,55.80428289992811,-4.207382528810118
1569,55.7970081252571,-4.081881991080402
1570,55.78423468919758,-4.289438251986297
1571,55.904866518971744,-4.243468331084952
1572,55.79051276091425,-4.1031666716763455
1573,55.92716363377383,-4.363880307115393
1574,55.81075210640361,-4.091103297580642
1575,55.814091889298794,-4.223255845947722
1576,55.91784561156831,-4.101295114523287
1577,55.828563135408224,-4.158178114113422
1578,55.83902346508588,-4.135428130078304
1579,55.8808764122946,-4.174867734713022
1580,55.797168576938326,-4.379136269739243
1581,55.876714550220974,-4.095143916170964
1582,55.8699272898944,-4.358500071759864
1583,55.926032356118384,-4.31642788472597
1584,55.92562313611861,-4.307731500134742
1585,55.854506053201945,-4.269041757011092
1586,55.84422023107386,-4.271844073705451
1587,55.82437566130521,-4.259657711500175
1588,55.85962375615561,-4.077281972830766
1589,55.85765661621726,-4.250020871364707
1590,55.781482048213476,-4.116048429437386
1591,55.8815746245214,-4.240654853626342
1592,55.90134479552591,-4.178348823686989
1593,55.82536952894413,-4.329003400995201
1594,55.84814167943343,-4.220691837974275
1595,55.87747054154644,-4.290629819700891
1596,55.797210359560694,-4.130495338656022
1597,55.81914943910992,-4.330432921112535
1598,55.797181673885916,-4.334007217260538
1599,55.88105277898616,-4.3147029943103465
1600,55.908268635656924,-4.391560398750852
1601,55.806604862568605,-4.125513591565652
1602,55.923306256575586,-4.149666544578079
1603,55.918594468757945,-4.239570745307058
1604,55.81572291177632,-4.201314025876894
1605,55.87461923749767,-4.228159554487906
1606,55.84408368946405,-4.225099490248104
1607,55.92079491841429,-4.180041583253036
1608,55.85375439031685,-4.259960255834523
1609,55.78816221239664,-4.134320544660552
1610,55.85051052712858,-4.341252907981396
1611,55.85285261080883,-4.124648794618623
1612,55.85557175848927,-4.130938839718716
1613,55.85397734638378,-4.278250668602826
1614,55.89325153715327,-4.3332742060737335
1615,55.824125768543624,-4.200027663619615
1616,55.91748452561796,-4.23102138921419
1617,55.911608482917615,-4.3614994016280075
1618,55.811782248684324,-4.091864141041313
1619,55.82329811991186,-4.088144677741586
1620,55.884490966465,-4.30838024699717
1621,55.8080817926462,-4.3750270349055445
1622,55.82964274671642,-4.244799435562404
1623,55.87190104064765,-4.251099697443186
1624,55.88022905937697,-4.140661162400382
1625,55.83453153439882,-4.216942673786468
1626,55.809325100273,-4.25939006933057
1627,55.91088609118956,-4.300473248077763
1628,55.892610996476684,-4.242869943097058
1629,55.795114070489674,-4.317252540104377
1630,55.87700772813865,-4.098829227829816
1631,55.7860221660446,-4.316965991811248
1632,55.92418046397465,-4.295077572347684
1633,55.85174465152598,-4.391354238187785
1634,55.78264997114373,-4.166745799005681
1635,55.87094644216509,-4.288624732912567
1636,55.84622540644212,-4.250959901470023
1637,55.78488938809241,-4.082745263935307
1638,55.82541453838542,-4.095823739731707
1639,55.808783060053834,-4.227924742798757
1640,55.90270888560521,-4.115390288780264
1641,55.82500139752673,-4.2746412695275104
1642,55.90749439002207,-4.160523495606018
1643,55.86540378120591,-4.275465184164897
1644,55.876222044251534,-4.308034077441486
1645,55.79313847416112,-4.0765021064266085
1646,55.92460267431318,-4.1688038849555955
1647,55.903334949973654,-4.306748486789601
1648,55.885519432208355,-4.333081746376961
1649,55.79626321057053,-4.350240533029838
1650,55.81352600042512,-4.363579144883823
1651,55.891298594976575,-4.2621956127429295
1652,55.88313267129398,-4.140610552610032
1653,55.928928360220795,-4.31502235195508
1654,55.90915714238883,-4.294434369456729
1655,55.83214908495437,-4.29080765584036
1656,55.824645326640635,-4.348847777418104
1657,55.87258255668698,-4.167209627549364
1658,55.836514231332146,-4.277383666632707
1659,55.86302539856499,-4.339946761543099
1660,55.80173497460849,-4.238381276689543
1661,55.91269974876455,-4.262546449842361
1662,55.80519805229686,-4.349558317812336
1663,55.89895274008348,-4.15605566572516
1664,55.84254771236401,-4.38047625204411
1665,55.90042427522187,-4.126780652031153
1666,55.89948884553126,-4.097897800046441
1667,55.8792503340364,-4.308097866090233
1668,55.88366692096113,-4.195484409659641
1669,55.88867314120475,-4.135057346584398
1670,55.785107921020895,-4.320699304998089
1671,55.86379638798126,-4.094114036826615
1672,55.870219158322406,-4.317066516581154
1673,55.847889693607925,-4.238940342314558
1674,55.790716302516955,-4.273366391098425
1675,55.92852897721025,-4.238598416404714
1676,55.86150041521826,-4.103776368247053
1677,55.793962250380886,-4.229984296348073
1678,55.81084858098035,-4.297980349082037
1679,55.791513822797846,-4.093477721588669
1680,55.853159785018136,-4.214869924977943
1681,55.79005571596089,-4.300043786475168
1682,55.84905532184867,-4.099148035519014
1683,55.86856697945781,-4.226809420182087
1684,55.81154264334922,-4.120797449622356
1685,55.92357389481049,-4.209044877225279
1686,55.875450662907944,-4.335526528844126
1687,55.832941333046946,-4.152974611278485
1688,55.92633663855625,-4.258502973906907
1689,55.92572805703924,-4.107577391252081
1690,55.852953103966286,-4.379206715869339
1691,55.86464628706093,-4.246428854129353
1692,55.7997567067045,-4.288493740650966
1693,55.92134121169736,-4.297276818545532
1694,55.89592231122641,-4.333819651624773
1695,55.79405740011463,-4.102843641631324
1696,55.8396532542864,-4.339139670032037
1697,55.83941721410266,-4.1462780103888734
1698,55.88242335790869,-4.319379912497773
1699,55.918376342780554,-4.151753374243258
1700,55.87409528188994,-4.354565680173939
1701,55.87596098500931,-4.139182120151198
1702,55.91664357005246,-4.115758346910347
1703,55.924928035817544,-4.35546569549645
1704,55.84788159698402,-4.138516861588915
1705,55.79337728965995,-4.190042310180161
1706,55.84835617851862,-4.313722028747152
1707,55.86116538930897,-4.375585102305169
1708,55.8343423007318,-4.273084752731445
1709,55.79816700743263,-4.183223782143199
1710,55.80925585658431,-4.1948392190973145
1711,55.8686402506686,-4.142951781525269
1712,55.91339954430097,-4.392902348830879
1713,55.92401924834413,-4.325207984119812
1714,55.885636209433514,-4.224440756578678
1715,55.86393818217641,-4.354966573166422
1716,55.81302092700376,-4.128984491627928
1717,55.89896944148956,-4.188678145072574
1718,55.83843304264618,-4.235781106592095
1719,55.818608618039185,-4.256918316447654
1720,55.86714400915042,-4.3626063067284955
1721,55.928016368221485,-4.258341985316669
1722,55.80605933408394,-4.102663039617619
1723,55.90933740045782,-4.127511171855719
1724,55.887642885551486,-4.3342436799851045
1725,55.80717308456747,-4.102206409852399
1726,55.89644453912681,-4.111408649127577
1727,55.87218256330178,-4.2840024782865225
1728,55.87136365728709,-4.24524172371449
1729,55.91372490786988,-4.3254817845936575
1730,55.909868646318834,-4.246010830300423
1731,55.883397682071895,-4.238735997097307
1732,55.78634911104686,-4.103587577648056
1733,55.877810312864426,-4.22458958239679
1734,55.91197420844391,-4.156748857413217
1735,55.91279583664681,-4.298124886090381
1736,55.82203041501551,-4.323908988192456
1737,55.92185239322205,-4.150847600741987
1738,55.811955075959766,-4.358295605282057
1739,55.7995639238107,-4.332215970456346
1740,55.82810197006064,-4.359900058467967
1741,55.86272490562551,-4.317911615032979
1742,55.789175435312124,-4.373502915887128
1743,55.87560234389783,-4.354099137300464
1744,55.84930177404781,-4.092709487485945
1745,55.83896153204495,-4.299677557610263
1746,55.86356312051654,-4.2053604146554955
1747,55.82138770133441,-4.384094606620248
1748,55.87541699754083,-4.188502598967593
1749,55.892957343184754,-4.390330024886572
1750,55.92594424297375,-4.1948116822243335
1751,55.916228420822506,-4.189838088375393
1752,55.84704655301787,-4.278679230117701
1753,55.797193670160055,-4.175524440816719
1754,55.85714380606815,-4.178400238624254
1755,55.875861622591785,-4.11385461691398
1756,55.86079641066164,-4.3705026486307075
1757,55.78863160204639,-4.114215795634796
1758,55.88704646532076,-4.0856997275417255
1759,55.78995219221542,-4.3762641128577755
1760,55.808557211251234,-4.348685663317829
1761,55.82109599098088,-4.141970788163445
1762,55.846602384372765,-4.338215059299927
1763,55.873414886455556,-4.176751771443996
1764,55.87664511941606,-4.1434647080112335
1765,55.79928054762644,-4.306429563541108
1766,55.88434439627921,-4.083829914091663
1767,55.823968802429846,-4.074437912904276
1768,55.91731368463752,-4.129918423089254
1769,55.917038050569175,-4.327911521417344
1770,55.81224217899971,-4.239391009355189
1771,55.91344551859467,-4.337173333042249
1772,55.79429819959732,-4.187499532901847
1773,55.895528412216436,-4.162096438716263
1774,55.912167117682586,-4.283574853923284
1775,55.900287947525285,-4.072510780335701
1776,55.88179014409126,-4.1952854000111035
1777,55.82098927337491,-4.129268155794647
1778,55.81644711797218,-4.086570251286897
1779,55.79420590888909,-4.3613602136455185
1780,55.839861701619725,-4.200468752011439
1781,55.84407857330282,-4.1918861127464435
1782,55.890555849195934,-4.075429892760722
1783,55.84123492455151,-4.303391400267923
1784,55.800325065791974,-4.367977128583238
1785,55.89938889662822,-4.125986642061365
1786,55.83544721788088,-4.3138713206302555
1787,55.89613547808176,-4.218891905397032
1788,55.80971054694232,-4.3017896076293365
1789,55.7930820484333,-4.2718766449475565
1790,55.90698176669261,-4.308211174932012
1791,55.85018251888968,-4.149962475478375
1792,55.89730835056938,-4.105004250841711
1793,55.83884746197168,-4.080554580599508
1794,55.835484215682236,-4.345087037195861
1795,55.86732457140309,-4.287284225542159
1796,55.85861385304539,-4.164770909353063
1797,55.81023463403085,-4.0875732388134525
1798,55.91508580407177,-4.255409159853452
1799,55.871228080416586,-4.191846885915742
1800,55.783318651407825,-4.191133440717579
1801,55.871392262094474,-4.166969294486798
1802,55.85709284391784,-4.136496765341518
1803,55.78990265507401,-4.132036426000742
1804,55.90329779003211,-4.346665775231616
1805,55.89517544669007,-4.377349939687818
1806,55.86995647284101,-4.272621446070943
1807,55.888802390043615,-4.118840310612025
1808,55.91969363781909,-4.153021346636675
1809,55.82102581198877,-4.245694312697383
1810,55.91451942439437,-4.378956957410972
1811,55.78474881718876,-4.191449696993414
1812,55.86025291109624,-4.344642333839011
1813,55.83867271391256,-4.176682688861522
1814,55.87943588318555,-4.331289923212011
1815,55.91641025699337,-4.102781945408076
1816,55.84240772272567,-4.152175288957045
1817,55.85152068304964,-4.086846781692051
1818,55.785775953161256,-4.271797915647056
1819,55.80055806731603,-4.378046800816544
1820,55.89602723080112,-4.356582622020961
1821,55.833854269269025,-4.105613635445799
1822,55.7817657674252,-4.3710178426341475
1823,55.90004172407615,-4.180681313227689
1824,55.79398491452888,-4.151746828067393
1825,55.80956150374718,-4.374717102139766
1826,55.81725538762378,-4.298184352062607
1827,55.873016984170384,-4.089174007541861
1828,55.86018942065537,-4.26877295778491
1829,55.804488954215586,-4.235864548308018
1830,55.85474336381874,-4.285795317753508
1831,55.79749230749496,-4.193586890821739
1832,55.792662189289835,-4.1687329190038085
1833,55.81678744118088,-4.098191637821318
1834,55.844853861513535,-4.198179396112971
1835,55.90472110861377,-4.21145515823082
1836,55.78633469672024,-4.138105849759856
1837,55.8647688934058,-4.168214613372117
1838,55.91644418896938,-4.094972083542668
1839,55.79907142365993,-4.217960683404416
1840,55.84976960572415,-4.326792575990535
1841,55.85448759310083,-4.11971289164435
1842,55.86684130492257,-4.38068541163744
1843,55.87820430329356,-4.170737201567881
1844,55.86376099875623,-4.223460172335115
1845,55.82450478903441,-4.283536432122886
1846,55.788296844853264,-4.1491078784968325
1847,55.80832488555826,-4.3051332518821175
1848,55.84005293774835,-4.336176893488322
1849,55.84847035557069,-4.1365584197219105
1850,55.819860599255044,-4.342201728829191
1851,55.9265790652805,-4.09484530431334
1852,55.89719870067754,-4.126546861190281
1853,55.88372901932938,-4.367958977039297
1854,55.81361026224046,-4.170499025564498
1855,55.906330086713076,-4.09409357494511
1856,55.87141773227647,-4.190565861872759
1857,55.91158323807632,-4.137760053389162
1858,55.80613421118822,-4.207307155404183
1859,55.83936374736266,-4.106529659494312
1860,55.817916366631536,-4.342462409270255
1861,55.90263651950702,-4.182673184878401
1862,55.82193067660857,-4.125679869695017
1863,55.8832711508645,-4.093697272101293
1864,55.87311712645856,-4.188056059516319
1865,55.895928610638535,-4.314847721900753
1866,55.89893597104901,-4.366448529193623
1867,55.83721898306753,-4.302857062573009
1868,55.88262619426232,-4.264488045328102
1869,55.89493097255105,-4.130529303299102
1870,55.887733479351446,-4.1841626420023506
1871,55.90130268502923,-4.279584234999023
1872,55.8979807963169,-4.319692674889692
1873,55.899184978933675,-4.273150562402935
1874,55.85748690344177,-4.323592500120515
1875,55.91569926005476,-4.312570681568429
1876,55.831867517152006,-4.139923343516171
1877,55.86650011201707,-4.288143301556462
1878,55.89929417606861,-4.248617353642325
1879,55.827315852613424,-4.36504716970767
1880,55.91183814307958,-4.2921378937688575
1881,55.89444320814873,-4.2246270226245555
1882,55.78624455955908,-4.299507382288154
1883,55.906519520504816,-4.0805380741396275
1884,55.86641263121896,-4.273278114529283
1885,55.81718163442302,-4.126574175624897
1886,55.85352362521601,-4.38327543866628
1887,55.926827814759385,-4.341549625251703
1888,55.85797284341394,-4.0961335066418
1889,55.90041513769558,-4.203351589447419
1890,55.917197897748835,-4.260652144638384
1891,55.86762397261546,-4.297074712562494
1892,55.8299132540666,-4.185759359403228
1893,55.92209680330038,-4.3634883750631905
1894,55.8578799317848,-4.303901667503951
1895,55.78169894270159,-4.095927513326939
1896,55.90783645004617,-4.088660787946198
1897,55.83543652901087,-4.226897230507391
1898,55.89419596874224,-4.342913187862748
1899,55.852555696440945,-4.1246100999573345
1900,55.85657057263322,-4.129735169136401
1901,55.88653704882682,-4.26143957363364
1902,55.8581267960573,-4.2961503990557866
1903,55.858181613458456,-4.095031182228082
1904,55.80279756786031,-4.2804652915123445
1905,55.80462159637982,-4.248535376713307
1906,55.92750919987538,-4.105829394815634
1907,55.7886464405583,-4.1410397551144085
1908,55.823177987693,-4.176301965690387
1909,55.81076533681185,-4.234763105017265
1910,55.904838008341734,-4.1904139160826475
1911,55.8009501891277,-4.0815793062759536
1912,55.91216358964809,-4.230227784621154
1913,55.791677260872746,-4.211462914035825
1914,55.90011526442628,-4.1419751004054
1915,55.883490950519324,-4.1210781591860925
1916,55.88829577910214,-4.347791936877352
1917,55.863706960550616,-4.348362608235647
1918,55.800844169475155,-4.232775872764956
1919,55.904575378845415,-4.244279444726005
1920,55.78653220103532,-4.15183945268545
1921,55.81927352214444,-4.263448017811729
1922,55.884595254996974,-4.237123766808057
1923,55.85891260923282,-4.253507454783847
1924,55.84633495427931,-4.212127772748646
1925,55.919349226692646,-4.290989633277728
1926,55.841001074850894,-4.177756719370191
1927,55.82092093410954,-4.390406722074088
1928,55.823663012944806,-4.249241466460474
1929,55.88313455641407,-4.106956645316555
1930,55.83288613811491,-4.175965313346757
1931,55.86027527936252,-4.374858299977717
1932,55.90937139798287,-4.145394323347578
1933,55.83071264099306,-4.239018524267521
1934,55.838800273343566,-4.17868456120298
1935,55.8980011502506,-4.1245112660061345
1936,55.814450437229596,-4.175054657030531
1937,55.903344623420644,-4.157652812940516
1938,55.792966228304394,-4.08059747444765
1939,55.91577992807887,-4.363684705226182
1940,55.857697643226864,-4.072071768373419
1941,55.89555121418617,-4.10961764081425
1942,55.82864481789415,-4.274984175009946
1943,55.842426001710116,-4.207683257853897
1944,55.81624941199161,-4.317721321541278
1945,55.89490304248729,-4.251081280364472
1946,55.89702640136741,-4.21797180423111
1947,55.85666312921688,-4.143624716593777
1948,55.91100372642825,-4.237020069117608
1949,55.84020367266237,-4.210836980062175
1950,55.88828926073983,-4.123745835637642
1951,55.91830888790273,-4.258151935386902
1952,55.85981735735077,-4.344383905482868
1953,55.78707608441467,-4.083795219796575
1954,55.889520798321065,-4.117654675587894
1955,55.91160111205557,-4.188633046238732
1956,55.853388806468644,-4.108579232375014
1957,55.848713829727316,-4.082838050620622
1958,55.8695337370133,-4.225080320052901
1959,55.83736445645372,-4.251840407395142
1960,55.8014448288348,-4.363771662304375
1961,55.903679894130775,-4.181707703610478
1962,55.79252404935378,-4.343463698661134
1963,55.80905057955578,-4.228642902983294
1964,55.91032977679391,-4.148405478000195
1965,55.89553137516015,-4.184949972780247
1966,55.896527374508565,-4.173070550952877
1967,55.89762909587321,-4.085655412691371
1968,55.866824262068036,-4.072637158602037
1969,55.80715974085645,-4.2092334245069924
1970,55.81772807848226,-4.098869139586995
1971,55.885088287339045,-4.152993582561156
1972,55.88896582597718,-4.371981034983578
1973,55.84779215258205,-4.349301828819015
1974,55.92449801372544,-4.2978310827708555
1975,55.79505853177681,-4.253065781170503
1976,55.901138023591464,-4.300348949163939
1977,55.8482725396706,-4.347615356182018
1978,55.929342995397725,-4.175824777218616
1979,55.84576606628037,-4.072523412672996
1980,55.803089382565744,-4.215501184129422
1981,55.8696096985602,-4.371205220464998
1982,55.88016854277128,-4.172557226113124
1983,55.897137462410775,-4.275381281951638
1984,55.91937817707527,-4.251715981364228
1985,55.9092390656405,-4.312384662071311
1986,55.81931190760389,-4.390258550485646
1987,55.852114558509726,-4.114453170877516
1988,55.88866967162804,-4.281894627342032
1989,55.806064397561826,-4.198616458030652
1990,55.87623300988743,-4.11673546087389
1991,55.873132988196154,-4.242959854658375
1992,55.89799888845418,-4.242005506552165
1993,55.84450497596145,-4.075997144260438
1994,55.841167119459534,-4.151446506531587
1995,55.90585161804235,-4.345283093112519
1996,55.84647327863133,-4.252265453643449
1997,55.793828883032624,-4.361300746400334
1998,55.81836064887362,-4.279397081514165
1999,55.918557242193884,-4.19434824890767
